23 Lanark # 23,,,,http://www.youtube.com/watch?v=WQ7PXamaiPg&feature=c4-overview&list=UUmKG0Rcx-l-f-MZE1TcwALA
47 union Street # 2,Advantage,,,http://www.youtube.com/watch?v=fH3Bb4Je5rQ&feature=c4-overview&list=UUmKG0Rcx-l-f-MZE1TcwALA
1082 Commonwealth # 504,advantage,,,http://www.youtube.com/watch?v=DNHQMzxtWPY&feature=c4-overview&list=UUmKG0Rcx-l-f-MZE1TcwALA
375 market street # 300 ?,All-bright,,,http://www.youtube.com/watch?v=UAsCR9dWrIg&feature=c4-overview&list=UUmKG0Rcx-l-f-MZE1TcwALA
375 Market street # 400?,All-bright,,,http://www.youtube.com/watch?v=sXOkzkBkfTg&feature=c4-overview&list=UUmKG0Rcx-l-f-MZE1TcwALA
52 Shepard St # 2,Anne McClure,,,http://www.youtube.com/watch?v=QqBg7oF11Ws
1482 Beacon #B3,Ashkan,,,http://www.youtube.com/watch?v=_vFRxG0VCZA
1218 Comm Ave #9,Ashkan,,,http://www.youtube.com/watch?v=NRZbP96VHiU
30 allston street # 12,auditore,,,http://www.youtube.com/watch?v=jtbOBi0TNLc
30 allston st # 15,auditore,,,http://www.youtube.com/watch?v=VXE_H5pX7F4
30 allston street # 1,auditore,,,http://www.youtube.com/watch?v=nglxlD050Iw
76 Raymond St,Bari Brodsky,,,http://www.youtube.com/watch?v=x-HE_mokiNU
127 Myrtle St #2,Benedetti,,,http://www.youtube.com/watch?v=w43CuitwLq4
19 St Lukes #1,Brighton Realty,,,http://www.youtube.com/watch?v=6wFlKFykcj4
1173 Comm ave # 6,Carrie Mallie,,,http://www.youtube.com/watch?v=5HYLBSvrwto
,Copley,,,http://www.youtube.com/watch?v=ShHzmM1k-ZA
227 newbury # 4,copley,,,http://www.youtube.com/watch?v=Zx2cr4ywN60&feature=c4-overview&list=UUmKG0Rcx-l-f-MZE1TcwALA
117 park drive # 7,copley,,,http://www.youtube.com/watch?v=mX1satXPuCM&feature=c4-overview&list=UUmKG0Rcx-l-f-MZE1TcwALA
20 queensberry,copley,,,http://www.youtube.com/watch?v=hiR7gEv9mUU&feature=c4-overview&list=UUmKG0Rcx-l-f-MZE1TcwALA
195 Commonwealth Ave #7,Copley,,,http://www.youtube.com/watch?v=16eAVaMBvjA
254 newbury street # 4,copley group,,,http://www.youtube.com/watch?v=5uDUa9-pOgA
47 parkvale # 7,DAL,,,http://www.youtube.com/watch?v=J5wXkipEYCA&feature=c4-overview&list=UUmKG0Rcx-l-f-MZE1TcwALA
15 university rd # 36,dalcosta,,,http://www.youtube.com/watch?v=naT2T1WYGIk&list=UUmKG0Rcx-l-f-MZE1TcwALA&feature=c4-overview
609 Washington #1B,Daniel,,,http://www.youtube.com/watch?v=H3yiMH1fDuY
10 lothian #2,Deb Siegel,,,http://www.youtube.com/watch?v=JAH1C0k_Ung&list=UUmKG0Rcx-l-f-MZE1TcwALA
24 sudlaw,debbie chan,,,http://www.youtube.com/watch?v=pkfzfYem-AU
1203 Boylston #33,Delphi,,,http://www.youtube.com/watch?v=I5JkMf_YkY8&feature=youtu.be
3 lothian # 44,delphi,,,http://www.youtube.com/watch?v=URKMEoylyNs
381 Comm Ave #4,Donn O'Connell,,,http://www.youtube.com/watch?v=v0116hBvZyI
1404 commonwealth ave,douglas joe,,,http://www.youtube.com/watch?v=erqjSfHW9TI
483 Beacon St #41,Dr. Jaffer,,,http://www.youtube.com/watch?v=tiu1mnES4oU
10 Scottfield Rd #12,Eric Wong,,,http://www.youtube.com/watch?v=m39ZilDvl1E
1945 Comm Ave #27,Fatima,,,http://www.youtube.com/watch?v=SzqahdTntBc
26 Hovey Street,Fimi,,,http://www.youtube.com/watch?v=Uxqsl3iMByU
80 Litchfield St #10,Fimi,,,http://www.youtube.com/watch?v=S-kFBHfpzc8
80 litchfield # 5,Fimi,,,http://www.youtube.com/watch?v=Kzp3HxeNFVo&feature=em-upload_owner
88 Washington St #8,Fineberg,,,http://www.youtube.com/watch?v=vAdXOg8AaW4
1638 Washington St #11,Fineberg,,,http://www.youtube.com/watch?v=YeHZK82ZBb4
39 Mt. Hood Rd #8,Francesco,,,http://www.youtube.com/watch?v=nojPmqosMdM
38 Winchester St #6,Gary Patel,,,http://www.youtube.com/watch?v=70Cl78hnXN8
5 LaRose #B,Geno Rufo,,,http://www.youtube.com/watch?v=8uIA4qi6UyI
305 Summit Ave #2,Greg Alexandris,,,http://www.youtube.com/watch?v=h9VpHAoOcmQ&feature=youtu.be
220 Jamaicaway # B1,Guinane,,,http://www.youtube.com/watch?v=wvSI7sbzQHQ
245 North Beacon St #21,Guinane,,,http://www.youtube.com/watch?v=v-_1fGubFJw
131 Washington St #42,Hamilton,,,http://www.youtube.com/watch?v=rVOIfbFcNT8&feature=youtu.be
131 Washington St #57,Hamilton,,,http://www.youtube.com/watch?v=KEptB938Mk0&feature=youtu.be
20 Armington #8,Hamilton,,,http://www.youtube.com/watch?v=H3zQkh8IFRo&feature=youtu.be
135 Washington St #51,Hamilton,,,http://www.youtube.com/watch?v=neCXfitjtiU&feature=youtu.be
62 Boylston # 612A,Hamilton,,,http://www.youtube.com/watch?v=JJlH06ekfro
62 Boylston #509,Hamilton,,,http://www.youtube.com/watch?v=MgIMK2WOMP8
62 Boylston #103,Hamilton,,,http://www.youtube.com/watch?v=JJlH06ekfro
110 babcock # 14,hamilton,,,https://www.youtube.com/watch?v=Kf2WLrHYFU0
131 Washington St #6,Hamilton,,,http://www.youtube.com/watch?v=InMrPIo662s&feature=youtu.be
55 Parkman #L,Hamilton,,,http://www.youtube.com/watch?v=j2LLYXn5l30
131 washington # 1,Hamilton,,,https://www.youtube.com/watch?v=H_97NNq8I30
135 washington # 2,Hamilton,,,https://www.youtube.com/watch?v=kRjWFr9K7IQ
127 washington # 33,Hamilton,,,https://www.youtube.com/watch?v=PBAiLil3vkM
135 washington #52,Hamilton,,,https://www.youtube.com/watch?v=Nc3cpcumrAE
110 babcock # 27,Hamilton,,,http://www.youtube.com/watch?v=NoQIC16FRFY
1160 Comm Ave #12A,Hamilton,,,http://www.youtube.com/watch?v=DjnxVwubKO0&feature=youtu.be
1126 boylston #601,hamilton,,,http://www.youtube.com/watch?v=xixLa7yMHSo
1126 boylston #301,hamilton,,,http://www.youtube.com/watch?v=w_Hc83FZdnM
1078 boylston # 4,hamilton,,,http://www.youtube.com/watch?v=bwHXTc0mJhY
1160 Commonwealth # 35,Hamilton,,,http://www.youtube.com/watch?v=ZS2Q0siqu2s
1152 Commonwealth Ave #33,hamilton,,,http://www.youtube.com/watch?v=hlQV0LkoQvg
1148 Commonwelath Ave # 20,hamilton,,,http://www.youtube.com/watch?v=xjqcdCK2pdk
1135 commonwealth ave 0c,hamilton,,,http://www.youtube.com/watch?v=QMrSIAO8jZo
1148 commonwealth # 12,hamilton,,,http://www.youtube.com/watch?v=jLJ3HCm0lzk
1156 Commonwealth # 25,hamilton,,,http://www.youtube.com/watch?v=M_MaVAH-52M
1126 Boylston St #701,Hamilton,,,http://www.youtube.com/watch?v=MglF-_7PMds
1111 Beacon St PH1,Hamilton,,,http://www.youtube.com/watch?v=FIj8fi6Mp1k&feature=youtu.be
127 Washington St #52,Hamilton,,,http://www.youtube.com/watch?v=SnNS2wwhoy8&feature=youtu.be
75 Gardner St #26,Hamilton,,,http://www.youtube.com/watch?v=zUu7N5vvj9A&feature=youtu.be
230 Babcock St #2E,Hamilton,,,http://www.youtube.com/watch?v=EjXYM9jB3pk&feature=youtu.be
230 Babcock St #3F,Hamilton,,,http://www.youtube.com/watch?v=Ijoo4uh3sII&feature=youtu.be
175 dexter park # 816,Hamilton,,,http://www.youtube.com/watch?v=Ai6SZUe0szw
127 Washington #55,Hamilton,,,http://www.youtube.com/watch?v=DnG0Jz_UCmQ
131 Washington #24,Hamilton,,,http://www.youtube.com/watch?v=jNEt8UGP5nQ
53 Ashford #5,Hamilton,,,http://www.youtube.com/watch?v=MS8mX4lPFKQ
53 Ashford #6,Hamilton,,,http://www.youtube.com/watch?v=1wDLoL5R1Lo
Atrium #532,Hamilton,,,http://www.youtube.com/watch?v=7lyKOveEMuY
Atrium #423,Hamilton,,,http://www.youtube.com/watch?v=4fFlv2vs-Bo
Atrium #409,Hamilton,,,http://www.youtube.com/watch?v=HFTABmLPEMQ
Atrium #340,Hamilton,,,http://www.youtube.com/watch?v=5pHFzLFPSJk
Atrium #330,Hamilton,,,http://www.youtube.com/watch?v=NP-zVoYsu1U
Atrium #226,Hamilton,,,http://www.youtube.com/watch?v=sFCaJGZxgU4
1148 Comm Ave #25,Hamilton,,,http://www.youtube.com/watch?v=bap4o-ct6jY
1156 Comm Ave #35,Hamilton,,,http://www.youtube.com/watch?v=6-hicrdiGt4
1148 Comm Ave #24,Hamilton,,,http://www.youtube.com/watch?v=PjJIuY74YAc
62 boylston # L15,hamilton,,,http://www.youtube.com/watch?v=2MSUqcWbl7g&feature=c4-overview&list=UUmKG0Rcx-l-f-MZE1TcwALA
Atrium #235,Hamilton,,,http://www.youtube.com/watch?v=YYXZT4rCd1w
135 washington # 1,Hamilton,,,http://www.youtube.com/watch?v=UjpTj0pi6_I&feature=c4-overview&list=UUmKG0Rcx-l-f-MZE1TcwALA
1152 Comm Ave #35,Hamilton,,,http://www.youtube.com/watch?v=1-LfOWz7M9g
230 Babcock St #1G,Hamilton,,,http://www.youtube.com/watch?v=uVsc3iGsWEQ
62 boylston # 214,hamilton,,,http://www.youtube.com/watch?v=mMQswb9W2gU&feature=c4-overview&list=UUmKG0Rcx-l-f-MZE1TcwALA
40 boylston # 503,hamilton,,,http://www.youtube.com/watch?v=rb_xxt_FSd8&feature=c4-overview&list=UUmKG0Rcx-l-f-MZE1TcwALA
131 washington # 2,hamilton,,,http://www.youtube.com/watch?v=jOGS0pYf0QY&feature=c4-overview&list=UUmKG0Rcx-l-f-MZE1TcwALA
Dexter #203,Hamilton,,,http://www.youtube.com/watch?v=v2GBRkmJI5Q
283 St Paul St #1,Hamilton,,,http://www.youtube.com/watch?v=Yaa2i6OExJc
145 Freeman St #1,Hamilton,,,http://www.youtube.com/watch?v=ai0FMlceudk
154 North Beacon #a4,Hamilton,,,http://www.youtube.com/watch?v=0737k6DUDSk&feature=c4-overview&list=UUmKG0Rcx-l-f-MZE1TcwALA
9 Gardner Terrace #1,Hamilton,,,http://www.youtube.com/watch?v=SiSvOy8GbYc&feature=c4-overview&list=UUmKG0Rcx-l-f-MZE1TcwALA
34 Gardner # 4,hamilton,,,http://www.youtube.com/watch?v=HYPrbhn_HIs&feature=c4-overview&list=UUmKG0Rcx-l-f-MZE1TcwALA
23 brighton ave # 5,hamilton,,,http://www.youtube.com/watch?v=r3cPTEbrNzQ&feature=c4-overview&list=UUmKG0Rcx-l-f-MZE1TcwALA
83 Gardner St #1,Hamilton,,,http://www.youtube.com/watch?v=wBjMxYFYdEA
1148 Comm Ave #46,Hamilton,,,http://www.youtube.com/watch?v=doetjJysTIw
Atrium #451,Hamilton,,,http://www.youtube.com/watch?v=0AayThiRRyU
Atrium #334,Hamilton,,,http://www.youtube.com/watch?v=6_-qMKn1bfY
1126 Boylston #309,Hamilton,,,http://www.youtube.com/watch?v=Uv0jV2pzdtQ
131 washington # 47,Hamilton,,,http://www.youtube.com/watch?v=Q4joc4YdyUU
19 Brighton Ave #1,Hamilton,,,http://www.youtube.com/watch?v=kP8QE68HIiU
Atrium #409,Hamilton,,,https://www.youtube.com/watch?v=jAl_bRDeguQ
Atrium #313,Hamilton,,,https://www.youtube.com/watch?v=-_wV8VxeYJE
110 Second St #113,Hamilton,,,http://www.youtube.com/watch?v=hGxt6G6I3r4
110 Second St #PH11,Hamilton,,,http://www.youtube.com/watch?v=B9KsT0kjHlU
Atrium #503,Hamilton,,,http://www.youtube.com/watch?v=akU-Az83yhU
1126 Boylston St #302,Hamilton,,,http://www.youtube.com/watch?v=UiXhyMOpCNg
34 Gardner,Hamilton,,,http://www.youtube.com/watch?v=HlZsTh0uJQg&list=UUmKG0Rcx-l-f-MZE1TcwALA&feature=c4-overview
141 Franklin St #1,Harry,,,http://www.youtube.com/watch?v=9KqP6sFxzy8
752 Tremont # 2,Heath,,,http://www.youtube.com/watch?v=Gufhb695jAo
67 Gordon st,Henry Chan,,,http://www.youtube.com/watch?v=sGX0y4ggLhY
23 saratoga # 2 duplex,Ian Vaz,,,http://www.youtube.com/watch?v=Pn9thzkFpnA
23 Saratoga # 1,Ian Vaz,,,http://www.youtube.com/watch?v=vhCkhOfJrEw
45 Longwood Ave #309,Jamie K,,,http://www.youtube.com/watch?v=4-ti29Y_VHs
235 Parsons #2,Jardus,,,http://www.youtube.com/watch?v=pkNIziWknFQ
14 Browne St #1A,Jessica Garrett,,,http://www.youtube.com/watch?v=0jorSPSd1ug
12 Newcastle Rd,Jerry (Ian),,,http://www.youtube.com/watch?v=xdhs1OyhyGs
46 Westland (Basement),Joy,,,http://www.youtube.com/watch?v=Cy-50qBz5mA&feature=youtu.be
46 Westland #7,Joy,,,http://www.youtube.com/watch?v=chugi7W36K8&feature=youtu.be
28 Westland #24,Joy,,,http://www.youtube.com/watch?v=NZ_t3Ie0124&feature=youtu.be
143 Park Drive #3,Joy,,,http://www.youtube.com/watch?v=jGlm_dFg9GE&feature=youtu.be
143 Park Drive #33,Joy,,,http://www.youtube.com/watch?v=1CnPILrdavU&feature=youtu.be
143 Park Drive #29,Joy,,,http://www.youtube.com/watch?v=ZiD6TNxRkf8&feature=youtu.be
137 Park Drive #19,Joy,,,http://www.youtube.com/watch?v=FsTv_h2H2Ew&feature=youtu.be
11 Tetlow St #43,Joy,,,http://www.youtube.com/watch?v=kpWN6ByKIG4&feature=youtu.be
14 Palace Rd #4,Joy,,,http://www.youtube.com/watch?v=Nnvy4P8TkSs&feature=youtu.be
14 Palace Rd #15,Joy,,,http://www.youtube.com/watch?v=IUr3puGhNJU&feature=youtu.be
14 Palace Rd #20,Joy,,,http://www.youtube.com/watch?v=NrzUFGgq1KM&feature=youtu.be
27 Bennett St,Karen O'Sullivan,,,http://www.youtube.com/watch?v=IlxCeKKqdlg&feature=youtu.be
104 Dustin St,Karen O'Sullivan,,,http://www.youtube.com/watch?v=0tVQlqbpKaU
331 Faneuil #1,Keegan,,,http://www.youtube.com/watch?v=rycGeqHunJM&feature=youtu.be
41 Easton #3,Keegan,,,http://www.youtube.com/watch?v=xwIXYG-g0oY&feature=youtu.be
346 Faneuil St #1,Keegan,,,http://www.youtube.com/watch?v=LNE9_AKAMgc&feature=youtu.be
346 Faneuil St #2,Keegan,,,http://www.youtube.com/watch?v=NAOZbwpDcjc
331 Faneuil St #2,Keegan,,,http://www.youtube.com/watch?v=OZ_LDUOPA6M
335 Faneuil St #1,Keegan,,,http://www.youtube.com/watch?v=9Q0FIxhq6k4&feature=youtu.be
5 Donnybrook Rd,Keegan,,,http://www.youtube.com/watch?v=0VHWoDX8zgA
35 Mt Hood #3,Kiriaki,,,http://www.youtube.com/watch?v=vQoA-UW4w0I
96 Linden #1A,Mackin Group,,,http://www.youtube.com/watch?v=j-N69---5ig
89 Chester a1,Mackin Group,,,https://www.youtube.com/watch?v=8uTlTnjSNh8&feature=c4-overview&list=UUmKG0Rcx-l-f-MZE1TcwALA
97 chester a5,Mackin Group,,,https://www.youtube.com/watch?v=e1PnySx2lHU&list=UUmKG0Rcx-l-f-MZE1TcwALA&feature=c4-overview
318 St Paul St #5,Main Street Realty,,,http://www.youtube.com/watch?v=B2hZ377U1Uo
56 Egmont #4,Main Street Realty,,,http://www.youtube.com/watch?v=mLY9DkbjGzY
324 St Paul St #2,Main Street Realty,,,http://www.youtube.com/watch?v=Pz7Bm0kXJxQ
116 Warren St #8,Cohen,,,http://www.youtube.com/watch?v=leFS1XpT9ew&feature=youtu.be
28 Pinckney St #C,Cohen,,,http://www.youtube.com/watch?v=qbn10XLLyYI
30 Gardner Rd #1B,Cohen,,,http://www.youtube.com/watch?v=FhtrV8dc9hs
119 Brainerd Rd #4,Cohen,,,http://www.youtube.com/watch?v=TJr62tHJIc4&feature=youtu.be
30 Gardner Rd #6I,Cohen,,,http://www.youtube.com/watch?v=lvzRkNpANvA
85 Winchester #3,Cohen,,,http://www.youtube.com/watch?v=OrcOXviC50w&feature=youtu.be
16 Short St #4,Cohen,,,http://www.youtube.com/watch?v=pWCVN9D720A
63 Mt Vernon #62,Cohen,,,http://www.youtube.com/watch?v=9zxx0be7qDI&feature=youtu.be
122 Warren #11,Cohen,,,http://www.youtube.com/watch?v=JhsDzslRSEQ&feature=youtu.be
28 Grove St #7,Cohen,,,http://www.youtube.com/watch?v=4QztJ9aV1AM&feature=youtu.be
85 Winchester St #4,Cohen,,,http://www.youtube.com/watch?v=hS180QPtnuI
5 1/2 Joy St #1,Cohen,,,http://www.youtube.com/watch?v=IyLoz3bPfAw
20 Mt Vernon St #301,Cohen,,,http://www.youtube.com/watch?v=FjMK2_NlNCw&feature=youtu.be
120 Warren St #2,Cohen,,,http://www.youtube.com/watch?v=3L58QeZGtOQ&feature=youtu.be
120 Warren #20,Cohen,,,http://www.youtube.com/watch?v=Dk2fEEIz2Ww&feature=youtu.be
122 Warren #12A,Cohen,,,http://www.youtube.com/watch?v=g1bhTDBY198&feature=youtu.be
119 Brainerd Rd #6,Cohen,,,http://www.youtube.com/watch?v=uhBeMg5qQ20&feature=youtu.be
30 Bellevue #7,Cohen,,,http://www.youtube.com/watch?v=1mEtXgKmsiY&feature=youtu.be
26 Bellevue #7,Cohen,,,http://www.youtube.com/watch?v=bOlcQBg1I5w&feature=youtu.be
26 Bellevue St #12,Cohen,,,http://www.youtube.com/watch?v=dHZxHodTZSk&feature=youtu.be
30 Bellevue St #5,Cohen,,,http://www.youtube.com/watch?v=rN0ir196bYk&feature=youtu.be
119 Brainerd #17,Cohen,,,http://www.youtube.com/watch?v=rb7C7BSzV8E&feature=youtu.be
119 Brainerd #18,Cohen,,,http://www.youtube.com/watch?v=4xXdurGENc8&feature=youtu.be
146 Oxford St #8,Cohen,,,http://www.youtube.com/watch?v=Utt5SXm1wH0
116 warren # 21,Cohen,,,http://www.youtube.com/watch?v=jmOMX5KNg8c
63 Mt Vernon #51,Cohen,,,http://www.youtube.com/watch?v=Pm0yxdDpyGo
20 Mt Vernon #101,Cohen,,,http://www.youtube.com/watch?v=gYCqFsgJxUU
24 Mt Vernon #502,Cohen,,,http://www.youtube.com/watch?v=aqmCALNvWNk
146 Oxford #4,Cohen,,,http://www.youtube.com/watch?v=hwNiyrz189o
146 Oxford St #B,Cohen,,,http://www.youtube.com/watch?v=31oRyxgqn5s
18 Short St #3,Cohen,,,http://www.youtube.com/watch?v=EjVAn3_9hEs
30 Medfield #3,Cohen,,,http://www.youtube.com/watch?v=FXQg4dLCiCI
146 Oxford St #C,Cohen,,,http://www.youtube.com/watch?v=CYqNVJV5S48
30 Gardner Rd #5D,Cohen,,,http://www.youtube.com/watch?v=VN-VTvzDWF8
20 Mt Vernon #102,Cohen,,,http://www.youtube.com/watch?v=XSW724yP2CY
24 Mt Vernon #401,Cohen,,,http://www.youtube.com/watch?v=U-VKh85A618
122 Warren St #3,Cohen,,,http://www.youtube.com/watch?v=eq_KbGu59y8
120 Warren St #12A,Cohen,,,http://www.youtube.com/watch?v=jHRXNXkQmxM
120 Warren St #12,Cohen,,,http://www.youtube.com/watch?v=Ef94XGuWrt4
96 Longwood Ave #2,Cohen,,,http://www.youtube.com/watch?v=9XAu5IjP6sE
24 Mt Vernon #500,Cohen,,,http://www.youtube.com/watch?v=PkcmJaQ2qq0
30 gardner 1g,Cohen,,,http://www.youtube.com/watch?v=r-JquKx3f8g&feature=c4-overview&list=UUmKG0Rcx-l-f-MZE1TcwALA
120 warren # 18,Cohen,,,http://www.youtube.com/watch?v=sNAddFzi4bE&feature=c4-overview&list=UUmKG0Rcx-l-f-MZE1TcwALA
24 Mt Vernon St #501,Cohen,,,http://www.youtube.com/watch?v=uySzNPfRFc0
146 oxford # 11,Cohen,,,http://www.youtube.com/watch?v=Z5YRnxVULnQ&feature=c4-overview&list=UUmKG0Rcx-l-f-MZE1TcwALA
116 warren # 5,Cohen,,,http://www.youtube.com/watch?v=jqxFgKaljFI
116 warren # 24,Cohen,,,http://www.youtube.com/watch?v=j2sfE8WhqIY&list=TL888utqDgFfk
63 mt vernon # 4,Cohen,,,http://www.youtube.com/watch?v=4MZbmbUcZLc&list=TLw00i9Pata1o
20 Garden St #B,Cohen,,,http://www.youtube.com/watch?v=ySBX7SVJWdw
34 Medfield B2,Cohen,,,http://www.youtube.com/watch?v=WiLBcYuEV_8
26 Bellevue St #6,Cohen,,,http://www.youtube.com/watch?v=OGSEq_8Lf1U
119 Brainerd #14,Cohen,,,http://www.youtube.com/watch?v=Mpo7bdQc3Nw
20 Mt Vernon St #503,Cohen,,,http://www.youtube.com/watch?v=YfGyYEbjHOg
20 Mt Vernon St #202,Cohen,,,http://www.youtube.com/watch?v=DrCJW28tDKw
16 Short St #1B,Cohen,,,http://www.youtube.com/watch?v=ZK9tG_XnowA
20 Mt Vernon St #602,Cohen,,,http://www.youtube.com/watch?v=HkHeJPXSNCo
30 Medfield #B2,Cohen,,,http://www.youtube.com/watch?v=OunC7XTu-Ww
63 Mt Vernon St #3,Cohen,,,http://www.youtube.com/watch?v=1JLjKuVn8O8
119 Brainerd Rd #2,Cohen,,,http://www.youtube.com/watch?v=Oab7iS-Nts4
30 Gardner Rd #3E,Cohen,,,http://www.youtube.com/watch?v=eJiyqyHd-9M
30 Gardner Rd #5A,Cohen,,,http://www.youtube.com/watch?v=_rpQ1l98WRU
63 Mt Vernon St #61,Cohen,,,http://www.youtube.com/watch?v=-BLaPGxZWCM
148 Oxford St #2,Cohen,,,http://www.youtube.com/watch?v=_24YY5-Ndo4
63 Mt Vernon St #9,Cohen,,,http://www.youtube.com/watch?v=K7pbV0BQoHI
146 Oxford St #5,Cohen,,,http://www.youtube.com/watch?v=m5smoKbLDuE
16 Short St #1,Cohen,,,http://www.youtube.com/watch?v=6J0ckH5RzLM
24 Mt Vernon #402,Cohen,,,https://www.youtube.com/watch?v=866SlRNEQaw
120 Warren St #14,Cohen,,,https://www.youtube.com/watch?v=dJphpZ18TzM
116 Warren St #4,Cohen,,,https://www.youtube.com/watch?v=i5FzzmwwwC0
83 Winchester #4,Cohen,,,http://www.youtube.com/watch?v=A4aq-aEp2uY
116 Warren St #12,Cohen,,,http://www.youtube.com/watch?v=9xt7m4hyn1c
16 Short St #3,Cohen,,,http://www.youtube.com/watch?v=8n9sxVKYxU4
63 Mt Vernon St #52,Cohen,,,http://www.youtube.com/watch?v=oK9_FfWj0Z8
28 Grove St #9,Cohen,,,http://www.youtube.com/watch?v=MEphIkNpqeY
30 Bellevue St #15,Cohen,,,http://www.youtube.com/watch?v=xh_54W_tZpE
28 Grove St #8,Cohen,,,http://www.youtube.com/watch?v=2SaNihRjvvE
6 Perry St #8,Maria Louisa Vittoria,,,http://www.youtube.com/watch?v=xPZG-3QaqLw
76 Columbia St #1,Maria Louisa Vittoria,,,http://www.youtube.com/watch?v=nahc7wfHFrk
313 Summit Ave #4,Mary Lou Sustrick,,,http://www.youtube.com/watch?v=gFk7VbTzTrU
22 Boulevard Terrace,Matt M,,,http://www.youtube.com/watch?v=4q_C1zNrmR4
82 brainerd # 19,mount vernon,,,http://www.youtube.com/watch?v=zVj2VwVo2Mk&feature=c4-overview&list=UUmKG0Rcx-l-f-MZE1TcwALA
61 Brighton Ave #6,Mt Vernon,,,http://www.youtube.com/watch?v=cMpKwwtT8xY
1677 Commonwealth ave # 5,new owner,,,http://www.youtube.com/watch?v=Hwv01qwJ9i0
33 brainerd rd # 109,Nick Shusas,,,http://www.youtube.com/watch?v=tDfbFn65gF0&feature=c4-overview&list=UUmKG0Rcx-l-f-MZE1TcwALA
42 Long ave # 2,phoenix,,,http://www.youtube.com/watch?v=EOTkDuT6-wI&feature=c4-overview&list=UUmKG0Rcx-l-f-MZE1TcwALA
53 Mason Terrace,phoenix,,,http://www.youtube.com/watch?v=63pjb8IFfkY
32 ransom rd # 2,phoenix,,,http://www.youtube.com/watch?v=2WcaK8WCYTI&feature=c4-overview&list=UUmKG0Rcx-l-f-MZE1TcwALA
8 brock street # 1,Phoenix realty,,,http://www.youtube.com/watch?v=yu0-mMlX294&feature=em-upload_owner
Chiswick,Regency,,,http://www.youtube.com/watch?v=7-uNQwyilzM
45 Myrtle St #25,Reservoir Towers,,,http://www.youtube.com/watch?v=NUIfwq3pGhQ
155 coolidge street # 3,Richie,,,http://www.youtube.com/watch?v=FOUNYIEY2Tk&feature=c4-overview&list=UUmKG0Rcx-l-f-MZE1TcwALA
1127 Comm Ave #27,Rolls Realty,,,http://www.youtube.com/watch?v=rp8el1TY4Ds&feature=youtu.be
100 Brainerd Rd #1,Rolls Realty,,,http://www.youtube.com/watch?v=64jm50mRGBY&feature=youtu.be
1125 Comm Ave #18,Rolls Realty,,,http://www.youtube.com/watch?v=v250VJ3wN_M
1127 Comm Ave #16,Rolls Realty,,,http://www.youtube.com/watch?v=r6F3mKN9Z6Y
111 Norway St #8,Rolls Realty,,,http://www.youtube.com/watch?v=QqnuHAIzNao
1127 comm ave # 3,Rolls Realty,,,http://www.youtube.com/watch?v=94tKvX6dPdE&feature=c4-overview&list=UUmKG0Rcx-l-f-MZE1TcwALA
1125 comm ave # 23,rolls realty,,,http://www.youtube.com/watch?v=xmSyIeNRt6k&feature=c4-overview&list=UUmKG0Rcx-l-f-MZE1TcwALA
33 hall street,ruti,,,http://www.youtube.com/watch?v=kQopn6rFWqA&feature=c4-overview&list=UUmKG0Rcx-l-f-MZE1TcwALA
58 Leo Birmingham #4,Samia,,,http://www.youtube.com/watch?v=SuOzcGfdMeM&feature=youtu.be
73 Empire St #1,Samia,,,short
81 Empire St #2,Samia,,,http://www.youtube.com/watch?v=ObBE4BdoDKk&feature=youtu.be
33 Lourdes Ave #4,Samia,,,http://www.youtube.com/watch?v=hbb2g0hogd4
231 Harrison # 29,Samia,,,https://www.youtube.com/watch?v=WDTs_LvvgCM
33 Lourdes Ave #3,Samia,,,http://www.youtube.com/watch?v=5GTfP4tivmM&feature=youtu.be
218 South St #3,Samia,,,http://www.youtube.com/watch?v=5T1GU-RMNZ0&feature=youtu.be
224 South St #7,Samia,,,https://www.youtube.com/watch?v=NLABbwPTqCg
36 S. Hunt Ave #12,Samia,,,http://www.youtube.com/watch?v=eMafkO4Llzw&feature=youtu.be
368 Riverway #4,Samia,,,http://www.youtube.com/watch?v=b32UngRFsro&feature=youtu.be
36 S. Hunt Ave #5,Samia,,,http://www.youtube.com/watch?v=EgjIKypXlc8&feature=youtu.be
368 Riverway #1,Samia,,,http://www.youtube.com/watch?v=Tj9nVJoA-co&feature=youtu.be
65 Tremont St #1R,Samia,,,http://www.youtube.com/watch?v=2hcYcmFdZ40&feature=youtu.be
65 Tremont St #2R,Samia,,,http://www.youtube.com/watch?v=00qJkAWnZak&feature=youtu.be
45 Waban #2,Samia,,,https://www.youtube.com/watch?v=Mn9eZuhRQdo&feature=youtu.be
45 Chestnut Hill Ave #24,Samia,,,http://www.youtube.com/watch?v=fIquTGF8ydg&feature=youtu.be
189 Chestnut Hill Ave #3,Samia,,,http://www.youtube.com/watch?v=1ZwCyJSqbHQ&feature=youtu.be
1132 Comm Ave #9,Samia,,,http://www.youtube.com/watch?v=CzlYdL1xNCs&feature=youtu.be
1132 Comm Ave #3,Samia,,,http://www.youtube.com/watch?v=hVk4bf4jqyI&feature=youtu.be
1128 Comm Ave #2,Samia,,,http://www.youtube.com/watch?v=wmb1wW0nDNU&feature=youtu.be
71 Chester #9,Samia,,,http://www.youtube.com/watch?v=m9g3zgU1LtE&feature=youtu.be
1118 Comm Ave #1,Samia,,,https://www.youtube.com/watch?v=We3G3boBSVo
68 Woodstock #10,Samia,,,https://www.youtube.com/watch?v=xkxMy0IJz0I
221 Kelton #4,Samia,,,https://www.youtube.com/watch?v=-WNGpywOxtk
41 Chestnut Hill Ave #32,Samia,,,http://www.youtube.com/watch?v=gRCFS9k2MT0
95 Gordon St #6,Samia,,,http://www.youtube.com/watch?v=H8v1kvLq_5g&feature=youtu.be
1292 Comm Ave #3,Samia,,,http://www.youtube.com/watch?v=r59u2ijaNOM&feature=youtu.be
71 Chester #5,Samia,,,http://www.youtube.com/watch?v=0ziOIVe_H3o&feature=youtu.be
36 S. Huntington Ave #16,Samia,,,http://www.youtube.com/watch?v=Vi39bvJFzuM&feature=youtu.be
368 Riverway #6,Samia,,,http://www.youtube.com/watch?v=TsmxR-XDUWI&feature=youtu.be
21 mansfield #1R,Samia,,,https://www.youtube.com/watch?v=kt8jj6MMn_M
1126 Comm ave #B,Samia,,,https://www.youtube.com/watch?v=5cJKSVLmP-I
1126 comm ave # c,samia,,,https://www.youtube.com/watch?v=WrgsuFeiBts
95 gordon # 8,samia,,,https://www.youtube.com/watch?v=kpCLyTNEp0k
95 Gordon #18,samia,,,https://www.youtube.com/watch?v=GpydKBzk-IQ
225 Kelton St #5,Samia,,,http://www.youtube.com/watch?v=yTClA0s1G3U&feature=youtu.be
165 Kelton St #1,Samia,,,http://www.youtube.com/watch?v=C_w6zxN54uI&feature=youtu.be
225 Kelton St #4,Samia,,,http://www.youtube.com/watch?v=L6br8MoyD2g&feature=youtu.be
75 S. Hunt Ave #6,Samia,,,http://www.youtube.com/watch?v=VjjDFpVbt14&feature=youtu.be
231 Harrison #28,Samia,,,http://www.youtube.com/watch?v=V-jyzzU7Ofs&feature=youtu.be
231 Harrison Ave #11,Samia,,,http://www.youtube.com/watch?v=-7yeLjA4Erk&feature=youtu.be
1118 Comm Ave #B,Samia,,,http://www.youtube.com/watch?v=vVFjY28P50E&feature=youtu.be
36 S Hunt Ave #6,Samia,,,http://www.youtube.com/watch?v=rsyChsAR0rY&feature=youtu.be
165 Kelton St #15,Samia,,,http://www.youtube.com/watch?v=wbOJFZcPeVA&feature=youtu.be
64 Woodstock #3,Samia,,,http://www.youtube.com/watch?v=PNlAAF-Rcsc&feature=youtu.be
64 Woodstock #9,Samia,,,http://www.youtube.com/watch?v=IKh4jXnmkTY&feature=youtu.be
2 Westford Place #3,Samia,,,http://www.youtube.com/watch?v=WCMjq5DvvS0&feature=youtu.be
266 Chestnut Hill Ave #6,Samia,,,http://www.youtube.com/watch?v=FGbu7YOdySE&feature=youtu.be
19 Braemore #2,Samia,,,http://www.youtube.com/watch?v=AjXO4RdztIw&feature=youtu.be
127 Lanark Rd #2,Samia,,,http://www.youtube.com/watch?v=K1p0Dn7eaZg&feature=youtu.be
127 Lanark Rd #1,Samia,,,http://www.youtube.com/watch?v=MFMdo2MnjBI
224 South street # 4,Samia,,,http://www.youtube.com/watch?v=ff4kPiTHRuk
146 Chiswick Rd #2,Samia,,,http://www.youtube.com/watch?v=DO8nmrnqO0s
1114 Comm Ave #B,Samia,,,http://www.youtube.com/watch?v=uOODEEWbrjM
1120 Comm Ave #A,Samia,,,http://www.youtube.com/watch?v=REANbx-q8Qc
1126 Comm Ave #A,Samia,,,http://www.youtube.com/watch?v=YItSrBe46wY
231 harrison # 20,Samia,,,http://www.youtube.com/watch?v=wVvAmzsQlUs
1118 Commonwealth #c,Samia,,,http://www.youtube.com/watch?v=XRGKk1xUOlY
35 Gardner # B,Samia,,,http://www.youtube.com/watch?v=5LRl4stXKRk
228 Kelton St #15,Samia,,,http://www.youtube.com/watch?v=3-_-1vUvp44
60 Woodstock #1,Samia,,,http://www.youtube.com/watch?v=gAOhOJNONC0
368 riverway 25,samia,,,http://www.youtube.com/watch?v=ppbHOgdNSSY
29 Colborne Rd #6,Samia,,,http://www.youtube.com/watch?v=4DIn5hacqfM
1681 Comm Ave #5,Samia,,,http://www.youtube.com/watch?v=NDTWJc0Z_dI
1681 Comm Ave #1,Samia,,,http://www.youtube.com/watch?v=moXIlAcm4GQ
221 Kelton St #18,Samia,,,http://www.youtube.com/watch?v=fU1FCNbnngo
10 Allston #10,Samia,,,http://www.youtube.com/watch?v=qymtFEjoDnA
10 Allston #5,Samia,,,http://www.youtube.com/watch?v=Qc0DtDSkhCo
45 Chestnut Hill Ave #41,Samia,,,http://www.youtube.com/watch?v=I2k7tvNgyuA
45 Waban street # 5,Samia,,,http://www.youtube.com/watch?v=HAbpygS1ZNE
1683 Comm Ave #B1,Samia,,,http://www.youtube.com/watch?v=-zpLjVsi40w
1683 Comm Ave #B2,Samia,,,http://www.youtube.com/watch?v=_nRGNVfcn-0
1116 Comm Ave #2,Samia,,,http://www.youtube.com/watch?v=IEOkwlfteZA
1120 Commonwealth ave # 3,Samia,,,http://www.youtube.com/watch?v=AidR0vfB7ag&feature=c4-overview&list=UUmKG0Rcx-l-f-MZE1TcwALA
35 Gardner St #2,Samia,,,http://www.youtube.com/watch?v=m_fisPKIxHw
260 campbell,Samia,,,http://www.youtube.com/watch?v=iuK5JUVFr2M&feature=c4-overview&list=UUmKG0Rcx-l-f-MZE1TcwALA
58 Leo Birmingham #4,Samia,,,http://www.youtube.com/watch?v=6TeX-DQXwn0
89 atlantic ave,samia,,,http://www.youtube.com/watch?v=FBvExf2KyE8&feature=c4-overview&list=UUmKG0Rcx-l-f-MZE1TcwALA
165 kelton # 34,samia,,,http://www.youtube.com/watch?v=6yll3GX4mso&feature=c4-overview&list=UUmKG0Rcx-l-f-MZE1TcwALA
1683 Comm Ave #2,Samia,,,http://www.youtube.com/watch?v=-fEWcXEzEpU
220 Kelton St #20,Samia,,,http://www.youtube.com/watch?v=RUe9Ka3bWas
224 Kelton #18,Samia,,,https://www.youtube.com/watch?v=edZCQue0Uas
220 Kelton St #15,Samia,,,https://www.youtube.com/watch?v=YWjOL-fI9Io
170 Kelton St #10,Samia,,,https://www.youtube.com/watch?v=TTEOvSS0PNg
68 Woodstock #12,Samia,,,https://www.youtube.com/watch?v=plNzRWoivNQ
1292 Commonwealth Ave #7,Samia,,,https://www.youtube.com/watch?v=OXKuevKo3zQ
1292 Commonwealth Ave #11,Samia,,,https://www.youtube.com/watch?v=gjiJoYkj_68
1128 Commonwealth Ave #5,Samia,,,https://www.youtube.com/watch?v=Nv6lHwt-43s
1126 Commonwealth Ave #3,Samia,,,https://www.youtube.com/watch?v=UGbQQ46fsRM
65 Tremont St #1L,Samia,,,http://www.youtube.com/watch?v=ErOlpoRGEZ8
352 shirley street # 2,Samia,,,http://www.youtube.com/watch?v=gSrGza49-9E&feature=c4-overview&list=UUmKG0Rcx-l-f-MZE1TcwALA
2 Westford Place #2,Samia,,,http://www.youtube.com/watch?v=vBow-Ssmoso
1120 Comm Ave #1,Samia,,,http://www.youtube.com/watch?v=9f_p0nKO0E4
222 South St #8,Samia,,,http://www.youtube.com/watch?v=qc5mrsiC3hc
196 Fairmount Ave #9,Samia,,,http://www.youtube.com/watch?v=cd-I928RJ10
62 Maple St #1,Samia,,,http://www.youtube.com/watch?v=YuAkLcAKAT8
41 Chestnut Hill Ave #21,Samia,,,http://www.youtube.com/watch?v=_VPkm3QzUfg
196 Fairmount Ave #3,Samia,,,http://www.youtube.com/watch?v=AQJ8tLk3x9c
71 Chester St #4,Samia,,,http://www.youtube.com/watch?v=uf-EsjM3R0Q
75 Chester St #15,Samia,,,http://www.youtube.com/watch?v=j3vUe0Mrle0
21 Quint Ave #5,Samia,,,http://www.youtube.com/watch?v=k2vxWL0E5tg
1132 Comm Ave #12,Samia,,,http://www.youtube.com/watch?v=FTs58BVogL0
266 Chestnut Hill Ave #5,Samia,,,http://www.youtube.com/watch?v=gIWRiD6WWVI
50A Winship #1,Samia,,,http://www.youtube.com/watch?v=ruhQb-GfYQ0
665 Columbia #1,Samia,,,http://www.youtube.com/watch?v=TDfPnajhQ24
15 Sumner St #1,Samia,,,http://www.youtube.com/watch?v=Yy-rcTYUaD4
189 Chestnut Hill Ave #2,Samia,,,http://www.youtube.com/watch?v=H8HS4PdCkFY
40 Ridgemont #1B,Samia,,,http://www.youtube.com/watch?v=9oyfn9SJHNE
146 Chiswick Rd #5,Samia,,,http://www.youtube.com/watch?v=xmQv2ldF4wo
4 Imrie Rd #3,Samia,,,http://www.youtube.com/watch?v=sI1_pA_8qTM
2 Islington Terrace #1,Samia,,,http://www.youtube.com/watch?v=xNWi7q57ON4
1120 Comm ave # 8,Samia,,,http://www.youtube.com/watch?v=s4S0IA8KWIo&feature=c4-overview&list=UUmKG0Rcx-l-f-MZE1TcwALA
1124 comm ave #6a,Samia,,,http://www.youtube.com/watch?v=VEf1ws3WgUg&list=UUmKG0Rcx-l-f-MZE1TcwALA&feature=c4-overview
1124 Comm # 2,Samia,,,http://www.youtube.com/watch?v=uizGBpKLobs&list=UUmKG0Rcx-l-f-MZE1TcwALA&feature=c4-overview
185 Chestnut Hill Ave #16,Samia,,,http://www.youtube.com/watch?v=XWnroRL6sSo
220 South St #8,Samia,,,http://www.youtube.com/watch?v=KIrT8I3yThQ
230 South St #2,Samia,,,http://www.youtube.com/watch?v=hewjtd_IFl0
230 South St #3,Samia,,,http://www.youtube.com/watch?v=U0XANxZR23A
230 South St #4,Samia,,,http://www.youtube.com/watch?v=UK_cJaU8K1s
740 Central St Webster 21,Samia West,,,http://www.youtube.com/watch?v=VttmzYqdVIo
740 Central St Hancock 11,Samia West,,,http://www.youtube.com/watch?v=zjMACJ9RC6Q
740 Central St Lafayette 3,Samia West,,,http://www.youtube.com/watch?v=IN6-KHSYwMQ
740 Central St Tyler 10,Samia West,,,http://www.youtube.com/watch?v=n9pMoQ0BPag
740 Central St Jefferson 2,Samia West,,,http://www.youtube.com/watch?v=Gi8ATJmh4jI
740 Central St Jefferson 22,Samia West,,,http://www.youtube.com/watch?v=aqFEhBNv8jg
73A Manchester St #4,Samia West,,,http://www.youtube.com/watch?v=xacov9H3qn4
73A Manchester St #5,Samia West,,,http://www.youtube.com/watch?v=3MEbaO7fOKE
100 Bemis Rd #4,Samia West,,,http://www.youtube.com/watch?v=0Ecn7yOm_4M
100 Bemis Rd #9,Samia West,,,http://www.youtube.com/watch?v=IGLQclWIM1s
10 lothian 12,seigel,,,http://www.youtube.com/watch?v=y_becNXthRY
26 Comm Terrace #6,shing,,,http://www.youtube.com/watch?v=ubM4wVC3xM8
4 Ransom Rd #21,Sydney Kwan,,,http://www.youtube.com/watch?v=5qzEV8ufhuI
156 Coolidge St #3,Lily Lee,,,http://www.youtube.com/watch?v=x6Ks8FQdZxk
374 Chestnut Hill Ave #5,Toll & Isenberg,,,http://www.youtube.com/watch?v=-N0Er8cJT3A&feature=youtu.be
11 manchester street,Tom Hu,,,http://www.youtube.com/watch?v=hGyw6u4o4dI&feature=c4-overview&list=UUmKG0Rcx-l-f-MZE1TcwALA
161 lakeshore,victoria,,,http://www.youtube.com/watch?v=3Z4ydxnkBiY
30 Allston St #32,Vinnie Auditore,,,http://www.youtube.com/watch?v=uXCnSGWJ1lQ
30 Allston St #21,Vinny Auditore,,,http://www.youtube.com/watch?v=kw75O1XxkDg&feature=youtu.be
30 Allston St #5,Vinny Auditore,,,http://www.youtube.com/watch?v=gYwGy3jZdJU&feature=youtu.be
30 Allston St #14,Vinny Auditore,,,http://www.youtube.com/watch?v=EU7hvS6n2Rc&feature=youtu.be
19 etna,william,,,http://www.youtube.com/watch?v=cVGFEi3B9S0
39 Englewood #17,Youshmi Lau,,,http://www.youtube.com/watch?v=CoBoMFKc5i0
147 Kelton St #505,Yuxin Xu,,,http://www.youtube.com/watch?v=EjXYM9jB3pk&feature=youtu.be
1330 Comm Ave #23,,,,http://www.youtube.com/watch?v=8bcBPYdjOp0&feature=youtu.be
125 chiswick (Studio),,,,http://www.youtube.com/watch?v=zNF1XHgHw2g&feature=c4-overview&list=UUmKG0Rcx-l-f-MZE1TcwALA
5 Spofford #15,,,,http://www.youtube.com/watch?v=gn_E_bdA69o
26 Allston street # 8,,,,http://www.youtube.com/watch?v=FkhykWItTLA&feature=c4-overview&list=UUmKG0Rcx-l-f-MZE1TcwALA
90 Brook St #2,,,,http://www.youtube.com/watch?v=t7DeZvzEvW0
1607 commonwealth ave # 9,,,,http://www.youtube.com/watch?v=x9AYRFkdqok&feature=c4-overview&list=UUmKG0Rcx-l-f-MZE1TcwALA
252 Mason Terrace,,,,http://www.youtube.com/watch?v=1uoHLT5RnD8
24 Mt Vernon #503,Marco,,,https://www.youtube.com/watch?v=vsRNK7ZX7MA
95 Gardner #2,Samia,,,http://www.youtube.com/watch?v=AUp_NtU9D8o
2 BD model,Watermark,,,https://www.youtube.com/watch?v=rUuUbSqUNE0
1 BD model,Watermark,,,https://www.youtube.com/watch?v=CsxcA7YqyT8
127 St Botolph #9,Copley,,,https://www.youtube.com/watch?v=Qm2XO8FLvxA
28 Queensberry #5,Copley,,,https://www.youtube.com/watch?v=V8wVnA3r1kE
51 Queensberry #2,Copley,,,https://www.youtube.com/watch?v=Y1i_-HihPGA
231 Harrison Ave #30,Samia,,,https://www.youtube.com/watch?v=l9nnp2_UboY
98A Longwood Ave #4,Cohen,,,https://www.youtube.com/watch?v=1dyTdF7BQNA
,Cohen,,,
11 Gorham St #9,Justin Liu,,,https://www.youtube.com/watch?v=jV0xXnGdqOQ
192 Allston St #2,Olivier Sakellarios,,,https://www.youtube.com/watch?v=_5OvfPbDtLQ
55 Linden St #5,Samia,,,https://www.youtube.com/watch?v=9lPK8e4z8y8
90 Cypress St #6,Samia,,,https://www.youtube.com/watch?v=-HmKAqyUvGI
142 Davis Ave #2,Samia,,,https://www.youtube.com/watch?v=hWHoSUQdMNw
142 Davis Ave #6,Samia,,,https://www.youtube.com/watch?v=VFLKZPh9hZ8
113 beacon # gf,heath,,,http://www.youtube.com/watch?v=QGKWNbn6ic8
113 beacon gr,heath,,,http://www.youtube.com/watch?v=T_8qa2Bn_Qc
94 Appleton St #4,Traynor,,,https://www.youtube.com/watch?v=aUiYJ14XmXA
87 Appleton St #3,Traynor,,,https://www.youtube.com/watch?v=XmrrTm7eXT0
264 harvard street,reservoir towers,,,http://www.youtube.com/watch?v=atL_wvPv98U&list=UUmKG0Rcx-l-f-MZE1TcwALA
504 beacon street,Moskow,,,http://www.youtube.com/watch?v=fvWuWge6VJ0&list=UUmKG0Rcx-l-f-MZE1TcwALA
60 Woodstock #18,Samia,,,https://www.youtube.com/watch?v=T4ltXUsNynU
189 Chestnut Hill Ave #10,Samia,,,https://www.youtube.com/watch?v=05OAwxCHHW4
12 foster street # 6,Calzone,,,http://www.youtube.com/watch?v=NXpTKgtpcR4
345 Franklin street # 507,Hamilton,,,http://www.youtube.com/watch?v=QM7UzgXK4zE
1132 Comm ave # 9,Samia,,,https://www.youtube.com/watch?v=py2LsnbSbw0&list=UUmKG0Rcx-l-f-MZE1TcwALA
1128 # 4a,Samia,,,https://www.youtube.com/watch?v=6tkIFn6ywcs&list=UUmKG0Rcx-l-f-MZE1TcwALA
68 woodstock # 11,Samia,,,https://www.youtube.com/watch?v=EJYn4Ge02N8&list=UUmKG0Rcx-l-f-MZE1TcwALA
30 Gardner Rd #3E,Cohen,,,https://www.youtube.com/watch?v=kK-tTN5tTz0
30 Gardner Rd #2B,Cohen,,,https://www.youtube.com/watch?v=P0O0yUvrGlo
30 Gardner Rd #1G,Cohen,,,https://www.youtube.com/watch?v=H1Q68AjyAQM
368 riverway # 26,Samia,,,https://www.youtube.com/watch?v=fFB5WHwcVaI&list=UUmKG0Rcx-l-f-MZE1TcwALA
153 E. Cottage St #1,Samia,,,https://www.youtube.com/watch?v=pxlGDEQFUDg
153 E. Cottage St #2,Samia,,,https://www.youtube.com/watch?v=TJtWQiQC5fw
153 E. Cottage St #3,Samia,,,https://www.youtube.com/watch?v=Ntya780x5s8
387 harvard street # 3r,ashkan,,,https://www.youtube.com/watch?v=5CFYDYniH3k&list=UUmKG0Rcx-l-f-MZE1TcwALA
88 West Cedar St #A,Copley,,,https://www.youtube.com/watch?v=vSzJ46l1bWU
88 West Cedar St #5,Copley,,,https://www.youtube.com/watch?v=xKh1aMLXbGA
127 St Botolph #3,Copley,,,https://www.youtube.com/watch?v=vM5PSGCrXPs
127 St Botolph #4,Copley,,,https://www.youtube.com/watch?v=4eTqa5dix7E
8 Melrose St #1,Access,,,https://www.youtube.com/watch?v=4NoABZACUyA
11 Revere St #1,Access,,,https://www.youtube.com/watch?v=Ei26OO6naV4
204 Third St #1,Access,,,https://www.youtube.com/watch?v=XH71RbXXE9E
1259 Comm Ave #7,Bill Wong,,,https://www.youtube.com/watch?v=JS9K3IMhNYQ
102 Longwood Ave #A,Cohen,,,https://www.youtube.com/watch?v=z0cKVHMb9ws
297 Faneuil St #1,Keegan,,,https://www.youtube.com/watch?v=VE-iF7RIRtg
10 Short St #3,Cohen,,,https://www.youtube.com/watch?v=ZAYNDzXmRcY
120 Warren St #19,Cohen,,,https://www.youtube.com/watch?v=kxMg0BoQ_VQ
84 Gordon St #203,Remax,,,https://www.youtube.com/watch?v=ZbeAM1b3T_c
72 Raymond #2,Bari Brodsky,,,https://www.youtube.com/watch?v=j0kxRjedIdc
80 Litchfield #8,Fimi,,,https://www.youtube.com/watch?v=7VL-630I4vo
165 Kelton St #24,Samia,,,https://www.youtube.com/watch?v=KfyXRpV15T8
57 Waverly #2,Fimi,,,https://www.youtube.com/watch?v=93_mKFEQo6c
237 St Paul St #2,Jardus,,,https://www.youtube.com/watch?v=cFkt_TUdw0A
98A Longwood #2,Cohen,,,https://www.youtube.com/watch?v=wsDedkG45d0
1137 Comm Ave #2,Hamilton,,,https://www.youtube.com/watch?v=0zpo9TfPUvw
297 Faneuil # 3,Keegan,,,https://www.youtube.com/watch?v=4pg2K8QtFKM&list=UUmKG0Rcx-l-f-MZE1TcwALA
297 Faneuil #2,Keegan,,,https://www.youtube.com/watch?v=xW9ksfgjhAQ
endicott,DALCOSTA,,,https://www.youtube.com/watch?v=ryhnf0LxQHI&list=UUmKG0Rcx-l-f-MZE1TcwALA
73 Empire St #3,Samia,,,https://www.youtube.com/watch?v=raN3Q1elHc8
41 John St,Samia,,,https://www.youtube.com/watch?v=UA5jMAxz3Xg
26 John St #1,Samia,,,https://www.youtube.com/watch?v=AniuJYdfHx0
122 Warren St #6,Cohen,,,https://www.youtube.com/watch?v=84tY8nF9Ct8
119 Brainerd #10,Cohen,,,https://www.youtube.com/watch?v=88-DAjSNa8o
122 warren # 12,Cohen,,,https://www.youtube.com/watch?v=iWAXy5xxXQY
1126 Boylston St #505,Hamilton,,,https://www.youtube.com/watch?v=qCm6MNEC_g4
24 Mt Vernon St #602,Cohen,,,https://www.youtube.com/watch?v=Jf9Rs68JJUQ
85 Winchester St #2,Cohen,3 bedroom,,https://www.youtube.com/watch?v=xl2h2YQldXU
20 Mt Vernon St #603,Cohen,,,https://www.youtube.com/watch?v=NOrSLypqdlw
Atrium 209,Hamilton,,,https://www.youtube.com/watch?v=1vOgXoWkWME&list=UUmKG0Rcx-l-f-MZE1TcwALA
230 South St #5,samia,,,https://www.youtube.com/watch?v=84epEfMwlxc
464 Salem St #2,Cohen,1 bd,,https://www.youtube.com/watch?v=-wqeZxOWPEA
464 Salem St #1,Cohen,1 bd,,https://www.youtube.com/watch?v=dUuKGoPBqdc
464 Salem St #7,Cohen,1 bd,,https://www.youtube.com/watch?v=hSAWB8TLH0E
16 Fuller St #3,Agnes Wong,3 bd,,https://www.youtube.com/watch?v=pOPM542N4s0
83 Gordon St #1,Samia,,,https://www.youtube.com/watch?v=vucZ4_OHO4g
26 Bellevue St #3,Cohen,,,https://www.youtube.com/watch?v=XB6_tlM5WMc
Atrium 447,Hamilton,,,https://www.youtube.com/watch?v=qVTU3TOm29U&list=UUmKG0Rcx-l-f-MZE1TcwALA
75 Gardner St #23,Hamilton,,,https://www.youtube.com/watch?v=sjIzeYNOcZM
283 St Paul St #21,Hamilton,,,https://www.youtube.com/watch?v=uakyO7Wj6oI
Dexter 175/210,Hamilton,,,https://www.youtube.com/watch?v=wDDDiv2NPd8
Dexter 185/747,Hamilton,,,https://www.youtube.com/watch?v=o1yHMeMtz14
75 gardner # 33,hamilton,,,https://www.youtube.com/watch?v=zBeldWJc7Do&list=UUmKG0Rcx-l-f-MZE1TcwALA
1126 boylston street 607,hamilton,,,https://www.youtube.com/watch?v=BTQIY9BuOYI&list=UUmKG0Rcx-l-f-MZE1TcwALA
88 gardner b3,hamilton,,,https://www.youtube.com/watch?v=dxClFPLpEtA
1156 Comm Ave #58,Hamilton,,,https://www.youtube.com/watch?v=QBk683eHMPc
1482 Beacon St #15,Ashkan,,,https://www.youtube.com/watch?v=PrZi3aXYb04
1482 Beacon St #11,Ashkan,,,https://www.youtube.com/watch?v=kOCS9UsInXM
387 Harvard St #1R,Ashkan,,,https://www.youtube.com/watch?v=5ECCXpKlGLY
40 Boylston # 501,Hamilton,,,https://www.youtube.com/watch?v=5ECCXpKlGLY&index=2&list=UUmKG0Rcx-l-f-MZE1TcwALA
1160 Comm Ave #35,Hamilton,,,https://www.youtube.com/watch?v=IpnUvyoqFSE
1148 Comm Ave #47,Hamilton,,,https://www.youtube.com/watch?v=AVO75EUCFig
1144 Comm Ave #32,Hamilton,,,https://www.youtube.com/watch?v=Ks0BlpoWA60
Atrium #323,Hamilton,,,https://www.youtube.com/watch?v=e0Il4_OTD5I
1127 Comm Ave #30,Rolls Realty,,,https://www.youtube.com/watch?v=WvliNsIKYgQ
160 East Berkely # 514,Hamilton,,,https://www.youtube.com/watch?v=1d5xkX6Fu-g
32 Gardena St,Jim Hughes,4 bd,,https://www.youtube.com/watch?v=jjC4uHj9MCU
35 Parsons St #1,Geno Rufo,4 bd,,https://www.youtube.com/watch?v=JW6k5jq58KI
35 Parsons St #2,Geno Rufo,studio,,https://www.youtube.com/watch?v=bSCx5jWN42w
504 Beacon # 51,Moskow,1bed,,https://www.youtube.com/edit?o=U&video_id=1j3ZtlMrE4o
283 St.Paul # 2,Hamilton,studio,,https://www.youtube.com/watch?v=H-z8nZe9QcY
211 Harvard st # 1,Berkman,studio,,https://www.youtube.com/watch?v=3mUnDTeuO18
Atrium #418,Hamilton,2 BD,,https://www.youtube.com/watch?v=YauQ9aJXnr8
165 Kelton St # 1,Samia,Studio (alcove),,https://www.youtube.com/watch?v=Ny2FV2ZjoXQ&list=UUmKG0Rcx-l-f-MZE1TcwALA
30 Allston St. # 35,Vinnie Auditore,2 Bedroom,,https://www.youtube.com/watch?v=-fivmgJTqZk
64 Brighton Ave # 103,Moskow,1 bed,,https://www.youtube.com/watch?v=UYRzGs5j13g&list=UUmKG0Rcx-l-f-MZE1TcwALA
119 Brainerd Rd #3,Cohen,1 bd,,https://www.youtube.com/watch?v=NGhd0sTunv0
5 1/2 Joy St #2,Cohen,1 BD,,https://www.youtube.com/watch?v=-yQVquh0La8
,Cohen,studio,,https://www.youtube.com/watch?v=AN46QJQfr-k
120 Warren St #20,Cohen,1 BD,,https://www.youtube.com/watch?v=rtdTRjL-R6o
15 Melvin # 8,Donnie O'connel,2 bedroom,,https://www.youtube.com/watch?v=BHtcoKFBd80&list=UUmKG0Rcx-l-f-MZE1TcwALA
19 melvin St # 11,Donnie O'connel,3 bedroom,,https://www.youtube.com/watch?v=tguk9Ng5NPo
1125 commonwealth # 1,Rolls Realty,1 bed,,https://www.youtube.com/watch?v=P7K6gu62n3w&list=UUmKG0Rcx-l-f-MZE1TcwALA
88 west cedar # 1,Copley,1 bed,,https://www.youtube.com/watch?v=JvB1bupd3fg&list=UUmKG0Rcx-l-f-MZE1TcwALA
64 brighton ave #106,Moskow,studio,,https://www.youtube.com/watch?v=Jju3reGARRs&list=UUmKG0Rcx-l-f-MZE1TcwALA
64 brighton ave #406,moskow,1 bedroom,,https://www.youtube.com/watch?v=7lVJ0sZ0VOk&list=UUmKG0Rcx-l-f-MZE1TcwALA
64 brighton ave # 410,moskow,1 bedroom,,https://www.youtube.com/watch?v=7lVJ0sZ0VOk&list=UUmKG0Rcx-l-f-MZE1TcwALA
1126 Boylston #602,Hamilton,3 BD,,https://www.youtube.com/watch?v=c3hxEng_tPw
59 Fairbanks #2,Len Holt,4 BD,,https://www.youtube.com/watch?v=yY8Y-O-vn9g
1127 Comm ave # 24,Rolls Realty,2 Bed,,https://www.youtube.com/watch?v=jXUaVegIKrM&list=UUmKG0Rcx-l-f-MZE1TcwALA
1125 Comm ave # 28,Rolls Realty,1 Bed,,https://www.youtube.com/watch?v=UbpLwVlO1rw
1677 Beacon #1,Peter Strav,2 BD,,https://www.youtube.com/watch?v=siFJyDU9HtI&list=UUmKG0Rcx-l-f-MZE1TcwALA
1679 Beacon #3,Peter Strav,2 BD,,https://www.youtube.com/watch?v=ASVDmawaZz4&list=UUmKG0Rcx-l-f-MZE1TcwALA
1683 BEACON # 2,Peter Strav,3 BD,,https://www.youtube.com/watch?v=2LTo4v4f3mc&list=UUmKG0Rcx-l-f-MZE1TcwALA
Atrium #227,Hamilton,2 BD,,https://www.youtube.com/watch?v=yitJ_GMAHas
Atrium #242,Hamilton,1 BD,,https://www.youtube.com/watch?v=bU59_8IxUVQ
26 Waverly #110,Tisha Shum,2 BD,,https://www.youtube.com/watch?v=_RkHSmL0STg
111 Norway St # 7,Rolls Realty,1 BD,,https://www.youtube.com/watch?v=FudnpuZNgfI&list=UUmKG0Rcx-l-f-MZE1TcwALA
8 Roberts St #2R,Eric Berke,2 BD,,https://www.youtube.com/watch?v=TMDN9NJb9mQ
3 greencourt terrace,copley,3 bed,,https://www.youtube.com/watch?v=gS7BlRvveZw&list=UUmKG0Rcx-l-f-MZE1TcwALA
171 Cambridge St,Keegan,4 BD,,https://www.youtube.com/watch?v=3HUtexloZmA&list=UUmKG0Rcx-l-f-MZE1TcwALA
41 Easton St #3,Keegan,3 BD,,https://www.youtube.com/watch?v=2-iy7TXGgok&list=UUmKG0Rcx-l-f-MZE1TcwALA
39 Mount Hood Rd # 6,lan yu,2 BD,,https://www.youtube.com/watch?v=BJiWhwQApmE&list=UUmKG0Rcx-l-f-MZE1TcwALA
324 Saint Paul # 4,Main Street Realty,3 Bed,,https://www.youtube.com/watch?v=FRZdm239FjE&list=UUmKG0Rcx-l-f-MZE1TcwALA
(atrium)1079 Comm # 241,Hamilton,2 Bed,,https://www.youtube.com/watch?v=3NjU0BHzC5k&index=2&list=UUmKG0Rcx-l-f-MZE1TcwALA
1082 comm ave # 405,state Financial,1 bed,,https://www.youtube.com/watch?v=yj9BcOMDaq0&list=UUmKG0Rcx-l-f-MZE1TcwALA
1111 p1,hamilton,penthouse,,https://www.youtube.com/watch?v=3rn5725OgcU&list=UUmKG0Rcx-l-f-MZE1TcwALA
116 Warren St #17,Cohen,1 BD,,https://www.youtube.com/watch?v=Nv7drz4L9mc&list=UUmKG0Rcx-l-f-MZE1TcwALA
81 Winchester St #A,Cohen,2 BD,,https://www.youtube.com/watch?v=dpfKedsCDJ8&list=UUmKG0Rcx-l-f-MZE1TcwALA
"120 Mountfort St., #30",Taiyin Chang,3 BD,,https://www.youtube.com/watch?v=HQUpNRX2Nws
146 Oxford St #8,Cohen,2 BD,,https://www.youtube.com/watch?v=hFUs_1UT2nc&list=UUmKG0Rcx-l-f-MZE1TcwALA
81 Winchester St #6,Cohen,2 BD,,https://www.youtube.com/watch?v=W-Srak0seTQ&list=UUmKG0Rcx-l-f-MZE1TcwALA
87 Winchester St #4,Cohen,2 BD,,https://www.youtube.com/watch?v=pEYtiV8JCmI&list=UU0C_FbZJa76oyaNxn0zkpAA
36 S Huntington Ave #17,Samia,1 BD,,https://www.youtube.com/watch?v=mVp-dp3ZHg4&list=UUmKG0Rcx-l-f-MZE1TcwALA
111 Park drive # 36,Copley,studio Alcove,,https://www.youtube.com/watch?v=MD-iF5oftJc&list=UUmKG0Rcx-l-f-MZE1TcwALA
10 Holman St #A,Johnny Tang,2 BD,,https://www.youtube.com/watch?v=BdyDbz-KgDc&list=UUmKG0Rcx-l-f-MZE1TcwALA
30 Medfield St #B1,Cohen,2 BD,,https://www.youtube.com/watch?v=5VJwsf716UY&list=UUmKG0Rcx-l-f-MZE1TcwALA
119 Brainerd Rd #14,Cohen,1 BD,,https://www.youtube.com/watch?v=wOfdzM5_qUE&list=UUmKG0Rcx-l-f-MZE1TcwALA
116 Warren St #19,Cohen,1 BD,,https://www.youtube.com/watch?v=qj5-QMrf_Pk&list=UUmKG0Rcx-l-f-MZE1TcwALA
116 Warren St #7,Cohen,1 BD,,https://www.youtube.com/watch?v=iaKB94SVItY&list=UUmKG0Rcx-l-f-MZE1TcwALA
21 Roseclair #2,Samia,5 BD,,https://www.youtube.com/watch?v=n5F1AqUG3HQ&list=UUmKG0Rcx-l-f-MZE1TcwALA
80 Litchfield #4,Fimi,2 BD,,https://www.youtube.com/watch?v=S7eb3HIzXsU&list=UUmKG0Rcx-l-f-MZE1TcwALA
159 Kelton St #12A,Samia,studio,,https://www.youtube.com/watch?v=j5fsik708X4&list=UUmKG0Rcx-l-f-MZE1TcwALA
228 Kelton St #9,Samia,1 BD,,https://www.youtube.com/watch?v=9Os2LtPVquQ&list=UUmKG0Rcx-l-f-MZE1TcwALA
11 Royce Rd #23,Samia,1 BD split,,https://www.youtube.com/watch?v=FHsevGDcZLU&list=UUmKG0Rcx-l-f-MZE1TcwALA
172 fuller street # 2,joey Benedetti,2 bedroom,,https://www.youtube.com/watch?v=dEXUf0PYF48&list=UUmKG0Rcx-l-f-MZE1TcwALA
172 fuller street # 1,joey benedetti,3 bedroom duplex,,https://www.youtube.com/watch?v=ZrNJZvo4Www&list=UUmKG0Rcx-l-f-MZE1TcwALA
20 Mt Vernon St #402,Cohen,1 BD,,https://www.youtube.com/watch?v=NEMsRiuHQDc&list=UUmKG0Rcx-l-f-MZE1TcwALA
20 Mt Vernon St #303,Cohen,studio,,https://www.youtube.com/watch?v=Hk7YXld3Rhg&list=UUmKG0Rcx-l-f-MZE1TcwALA
24 Mt Vernon St #101,Cohen,studio,,https://www.youtube.com/watch?v=FYhzkMKlUK4
24 Mt Vernon St #501,Cohen,studio,,https://www.youtube.com/watch?v=ldpwqJiUqHc
665 Columbia # 3,Samia,4 Bedroom,,https://www.youtube.com/watch?v=OY1PdgUHRzU&list=UUmKG0Rcx-l-f-MZE1TcwALA
87 Winchester St #4,Cohen,2 BD,,https://www.youtube.com/watch?v=toO4XvglWyM
1131 Comm Ave #7,Hamilton,3 BD,,https://www.youtube.com/watch?v=s0FmuCsR3XU&list=UUmKG0Rcx-l-f-MZE1TcwALA
120 Warren #11,Cohen,2 BD,,https://www.youtube.com/watch?v=dlKUtYz7BCk
58 Leo Birmingham Pkwy #2,Samia,2 BD,,https://www.youtube.com/watch?v=LV5SGY5gOxg
88 Townsend Rd (Belmont),Marisa,3 BD duplex,,http://www.youtube.com/watch?v=ALSc-PLcpF8&list=UUmKG0Rcx-l-f-MZE1TcwALA
2 Westford Pl #1,Samia,2 BD,,https://www.youtube.com/watch?v=ajqxHyxeW5I&list=UUmKG0Rcx-l-f-MZE1TcwALA
312 Tappan St #2,Fineberg,2 BD,,https://www.youtube.com/watch?v=1FTgblGn9Qc&list=UUmKG0Rcx-l-f-MZE1TcwALA
1589 Beacon #4,Fineberg,2 BD,,https://www.youtube.com/watch?v=gSvaCgwpiMM&list=UUmKG0Rcx-l-f-MZE1TcwALA
21 Roseclair #1,Samia,4 BD,,https://www.youtube.com/watch?v=zdhyL80KcEs
21 Roseclair #2,Samia,4 BD,,https://www.youtube.com/watch?v=poKU_ThKaTg
19 Roseclair #3,Samia,5 BD,,https://www.youtube.com/watch?v=u1nstxnQ_wc
157 E. Cottage #3,Samia,4 BD,,https://www.youtube.com/watch?v=ujAHjA0qpz4
60 Oxford Ave,Fimi,2 BD,,https://www.youtube.com/watch?v=RnzfUPCVl_U
170 Kelton St #10,Samia,2 BD,,https://www.youtube.com/watch?v=7O67CKNKBdA
266 Chestnut Hill Ave #3,Samia,1 BD loft,,https://www.youtube.com/watch?v=3xUqxEayuGs
99 Gordon St #11,Samia,studio,,https://www.youtube.com/watch?v=l05QEVzwFKw
91 Gordon St #12,Samia,1 BD (split),,https://www.youtube.com/watch?v=m1my3S2fbO8
60 Woodstock Ave #6,Samia,studio alcove,,https://www.youtube.com/watch?v=mamcaVuPeqY
60 Woodstock Ave #18,Samia,studio alcove,,https://www.youtube.com/watch?v=nUxNcTNYAYY
68 Woodstock Ave #4,Samia,studio,,https://www.youtube.com/watch?v=MWARtU9TGZY
68 Woodstock Ave #17,Samia,studio alcove,,https://www.youtube.com/watch?v=xq2A8yCYZy8
68 Woodstock Ave #18,Samia,1 BD split,,https://www.youtube.com/watch?v=MSLxW7emSKg
24 Mt Vernon #400,Cohen,1 BD,,https://www.youtube.com/watch?v=iy6Crmn95Y8
233 Boylston St #2,Keegan,3 BD,,https://www.youtube.com/watch?v=mIe_sUDym-c
277 North Street,Jeff C,2 bed,,https://www.youtube.com/watch?v=hJ2TilqrQRk&list=UUmKG0Rcx-l-f-MZE1TcwALA
14 Marion St #21,Mt Vernon,1 BD,,https://www.youtube.com/watch?v=KVsq5jRZt94
14 Marion St #22,Mt Vernon,2 BD,,https://www.youtube.com/watch?v=L2Zan1PmIl8
592 Cambridge St #33,Samia,studio loft,,https://www.youtube.com/watch?v=yF2V9wx5oko
30 Glenville #2,John Zhon,4 BD,,https://www.youtube.com/watch?v=cCPZtTuOrpc
529 Beacon St #21,Mt Vernon Co,1 BD,,https://www.youtube.com/watch?v=B3l3vmnbfeo
86 Charles St #1,Mt Vernon Co,Studio,,https://www.youtube.com/watch?v=SjkBocIscxA
23 Egremont St #5,Cummings LLC,4 BD,,https://www.youtube.com/watch?v=vo3wM1d0Eoc
30 Bellevue St #2,Cohen,1 BD,,https://www.youtube.com/watch?v=fIG3h6MbBd4
30 Bellevue St #14,Cohen,1 BD,,https://www.youtube.com/watch?v=kY2GtipLxT4
24 mount vernon # 100,Cohen,Studio,,https://www.youtube.com/watch?v=7ZI0K8MssMo
16 Cambridge Terrace #2,Rachael,2 BD,,https://www.youtube.com/watch?v=g-YP3q8mZAY
8 Glencoe St #2,Cummings LLC,3 BD,,https://www.youtube.com/watch?v=O1g7F2kyo-Q
28A Cherry St #1,Keegan,1 BD,,https://www.youtube.com/watch?v=U89OaCT36ZY
504 Beacon St #61,Moskow,1 BD,,https://www.youtube.com/watch?v=YG3vl6a8UVk
20 Mt Vernon St #203,Cohen,studio,,https://www.youtube.com/watch?v=gvjAPMollnU
16 Fuller St #1,Agnes Wong,2 BD,,https://www.youtube.com/watch?v=XE6vmi7dA1Y
161 Kelton St #22,Samia,1 BD,,https://www.youtube.com/watch?v=-A5_5o3kh2U
232 Kelton St #1,Samia,1 BD w/alcove,,https://www.youtube.com/watch?v=hJE0ibDNRNs
24 Mt Vernon St #203,Cohen,1 BD,,https://www.youtube.com/watch?v=L56UKH7rQz4
34 Medfield #6,Cohen,3 BD,,https://www.youtube.com/watch?v=GMYZM8r0D2g
221 Kelton St #2,Samia,studio w/alcove,,https://www.youtube.com/watch?v=fTagPZEC6nk
221 Kelton St #3,Samia,studio w/alcove,,https://www.youtube.com/watch?v=IpIgN9oDPug
35 mount hood # 5,lan yu,2 bed 1 bath,,https://www.youtube.com/watch?v=IgCrk9XdMMg
1124 Comm #4A,Samia,1 BD,,https://www.youtube.com/watch?v=5L4bYHliw8g
28R Cherry St #1,Keegan,3 BD,,https://www.youtube.com/watch?v=_wGTaVRZ-3E
47 Easton St #3,Keegan,3 BD,,https://www.youtube.com/watch?v=floZbtpnAq4
86 Easton St #3,Keegan,3 BD,,https://www.youtube.com/watch?v=kuZJcEkF4AE
7 Donnybrook Rd,Keegan,4 BD,,https://www.youtube.com/watch?v=w91Q4YrdQqY
36 Brackett #2,Keegan,4 BD,,https://www.youtube.com/watch?v=90oP_2gdpL8
116 Warren St #22A,Cohen,1 BD,,https://www.youtube.com/watch?v=CpxAYPdX3n0
86 glenville # 2,Ricky Malarani,1 bd,,https://www.youtube.com/watch?v=fjAtDdi0uLc
24 Mt Vernon #400,Cohen,1 BD,,https://www.youtube.com/watch?v=-sYFj5FF3tQ
108 Myrtle #1,Derba,Studio,,https://www.youtube.com/watch?v=e9JEMp584bo
108 Myrtle #9,Derba,1 BD,,https://www.youtube.com/watch?v=8HW-6wEubNc
108 Myrtle #11,Derba,studio,,https://www.youtube.com/watch?v=Gqe_RbwTyLs
108 Myrtle #14,Derba,studio,,https://www.youtube.com/watch?v=1QJHgLk6RI4
20 Garden St #8,Cohen,1 BD,,https://www.youtube.com/watch?v=ZB7issn5r0w
20 Radcliffe Rd #111,Malrani,studio,,https://www.youtube.com/watch?v=Aq887_mUncE
16 Fuller St #2,Agnes Wong,3 BD,,https://www.youtube.com/watch?v=PkL6kIzb8OE
5 Smythe St #3,Keegan,3 BD,,https://www.youtube.com/watch?v=DnSFN8vFt4I
233 Boylston St #3,Keegan,3 BD,,https://www.youtube.com/watch?v=CV_OylvoRiI
1160 Comm Ave #32,Hamilton,studio,,https://www.youtube.com/watch?v=CmEcrkIgUo0
119 Brainerd Rd #16,Cohen,1 BD,,https://www.youtube.com/watch?v=h2q9ZcW7Qa8
85 Winchester St #3,Cohen,2 BD,,https://www.youtube.com/watch?v=diqVjWUMATc
16 St Lukes #3,Cynthia,2 BD,,https://www.youtube.com/watch?v=ZfgXEOtHpEc
350 California St,Fimi,4 BD,,https://www.youtube.com/watch?v=VqtsJFw7w8M
20 Mt Vernon #201,Cohen,1 BD,,https://www.youtube.com/watch?v=YRXNft25q9M
1114 Comm Ave #B,Samia,studio,,https://www.youtube.com/watch?v=3W74G0-RCSg
12 Newcastle Rd,Jerry Quinn,3 BD,,https://www.youtube.com/watch?v=LciV8P1AkHg
5 1/2 Joy St #4,Cohen,1 BD,,https://www.youtube.com/watch?v=52_7_qn1CMg
24 Mt Vernon St #B1,Cohen,studio,,https://www.youtube.com/watch?v=m7KkFYdnd94
34 Medfield St #1,Cohen,2 BD,,https://www.youtube.com/watch?v=TA7c-nzM6W4
80 Litchfield St #1,Fimi,2 BD,,https://www.youtube.com/watch?v=jUfB4Z0B1VY
28 Grove St #9,Cohen,1 BD,,https://www.youtube.com/watch?v=sIKSzI0eZHk
98A Longwood #6,Boulder,2 BD,,https://www.youtube.com/watch?v=4owch4wkKNg
24 Mt Vernon #401,Cohen,studio,,https://www.youtube.com/watch?v=hZ1hrobS-y0
24 Mt Vernon #500,Cohen,1 BD,,https://www.youtube.com/watch?v=xauk27xuu88
20 Mt Vernon #601,Cohen,1 BD,,https://www.youtube.com/watch?v=Z9naUOqidbQ
20 Mt Vernon #403,Cohen,studio,,https://www.youtube.com/watch?v=C6dqsPm5PUI
56 St Joseph #303,Samia Fall River,2 BD,,https://www.youtube.com/watch?v=G7SALkEfs2I
56 St Joseph #516,Samia Fall River,2 BD,,https://www.youtube.com/watch?v=HXuue6zGVQw
30 Gardner Rd #6B,Cohen,1 BD,,https://www.youtube.com/watch?v=6lfED-_tfjM
30 Gardner Rd #5G,Cohen,1 BD,,https://www.youtube.com/watch?v=unz34yKmC0k
30 Gardner Rd #1C,Cohen,1 BD,,https://www.youtube.com/watch?v=CJL72S9i550
120 Fuller St,Center Communities of Brookline,2 BD,,https://www.youtube.com/watch?v=yCCNnVxpWbI
24 Lopez St,Shu,3 BD,,https://www.youtube.com/watch?v=Uzx5mzEJCxQ
26 Lopez St,Shu,3 BD,,https://www.youtube.com/watch?v=9BodIl9FTiE
98A Longwood Ave #2,Boulder,2 BD,,https://www.youtube.com/watch?v=S3cke1iI9FA
122 Warren St #2,Cohen,1 BD,,https://www.youtube.com/watch?v=y8bv__yOKeM
223 Essex St #22,Samia,1 BD,,https://www.youtube.com/watch?v=w5GNmNaCAOY
223 Essex St #38,Samia,1 BD,,https://www.youtube.com/watch?v=hEpOkFmGHjA
204A Green St,Samia,2 BD,,https://www.youtube.com/watch?v=0vGZUfRso9Q
12 Short St #5,Boulder,3 BD,,https://www.youtube.com/watch?v=l7NXj6yJlew
456 Salem St #6,Cohen,1 BD,,https://www.youtube.com/watch?v=uT16kFWOYwo
24 Mt Vernon St #102,Cohen,studio,,https://www.youtube.com/watch?v=okIUiVER8Pc
24 Mt Vernon St #101,Cohen,studio,,https://www.youtube.com/watch?v=-hwQIr88gD8
120 Kenrick St #2,Samia,6 BD,,https://www.youtube.com/watch?v=HkNhdVoIq6E
60 Egmont Street #6,Main Street Realty,3 BD,,https://www.youtube.com/watch?v=mnS4PzRCAlY
72 Egmont St #5,Main Street Realty,4 BD,,https://www.youtube.com/watch?v=XXHFhdCzNaI
100 Bemis Rd #201,Samia West,1 BD,,https://www.youtube.com/watch?v=AZ5DCoQ0x0k
40 Dinan Dr #20,Samia West,2 BD,,https://www.youtube.com/watch?v=wTTkhVtGOkY
39 Dinan Dr #1,Samia West,2 BD,,https://www.youtube.com/watch?v=YzeW4ptRce8
28 Dinan Dr #2,Samia West,1 BD,,https://www.youtube.com/watch?v=0eywLVDvCw8
1292 Comm Ave #5,Samia,1 BD,,https://www.youtube.com/watch?v=qCtyqmqhsXQ
1292 Comm Ave #6,Samia,1 BD,,https://www.youtube.com/watch?v=fhI-XfgGyxk
220 South St #2,Samia,3 BD,,https://www.youtube.com/watch?v=MV6ThrUYmaw
16 Hyde Park Ave,Samia,1 BD+,,https://www.youtube.com/watch?v=7q_cBwmQnxE
1 Islington Terrace #1,Samia,1 BD,,https://www.youtube.com/watch?v=Cmcivw7AESU
20 Garden Street #3,Cohen,1BD,,https://www.youtube.com/watch?v=-8qY78Hz7vA
10 Short St #6,Boulder,2 BD,,https://www.youtube.com/watch?v=Ds6LpQ0zpAk
228 Kelton #7,Samia,1BD,,https://www.youtube.com/watch?v=gF9un2SpQug
19 Braemore #3,Samia,4BD,,https://www.youtube.com/watch?v=HUn0qiab2Rs
127 Lanark #3,samia,3BD,,https://www.youtube.com/watch?v=Uuxxff0vcqc
90 Cypress #1,Samia,4BD,,https://www.youtube.com/watch?v=lj3NoWRVL4w
90 Cypress #2,Samia,4BD,,https://www.youtube.com/watch?v=ajX_g70u-Ko
90 Cypress #3,Samia,4BD,,https://www.youtube.com/watch?v=YLkLLXNYyoA
878 Huntington #1,Heath,6BD,,https://www.youtube.com/watch?v=JbK7NdE7oXk
10 Parker Hill Ave #1,Heath,4BD,,https://www.youtube.com/watch?v=pGvJWOZjanQ
64 Louis Prang #2,Heath,3-4BD,,https://www.youtube.com/watch?v=ATE4l37lAqA
32 South Huntington,Hillway Realty,4 BD,,https://www.youtube.com/watch?v=Gh2VnVPE6pE
772 Columbus Ave #2,Heath,4BD,,https://www.youtube.com/watch?v=VS96asOgwfo
772 Columbus Ave #1,Heath,4bd,,https://www.youtube.com/watch?v=8prh5Bp2zn4
11 Willow St #303,Samia West,1 BD,,https://www.youtube.com/watch?v=XIN76zc94js
9 Beacon St #6,Samia West,2 BD,,https://www.youtube.com/watch?v=I6ot4xOAKrQ
45 Montcalm St #2,James Cyr,5BD,,https://www.youtube.com/watch?v=lOcgFsHORMM
143 Freeman St #1,Hamilton,4BD,,https://www.youtube.com/watch?v=VtqsNGnPEEE
5 1/2 Joy St #4,Cohen,1 BD,,https://www.youtube.com/watch?v=Sy_AsfdWXvU
83 Winchester St #5,Cohen,3 BD,,https://www.youtube.com/watch?v=RJiGnOqUg1Q
1151 Beacon St #1,HN Gorin,2 BD,,https://www.youtube.com/watch?v=vrd-l-_Jmjo&feature=youtu.be
34 Medfield St #5,Cohen,2 BD,,https://www.youtube.com/watch?v=vK1Vs4UJL-Y
116 Warren St #19,Cohen,1 BD,,https://www.youtube.com/watch?v=oORjAXs3tNc
232 Kelton St #7,Samia,1 BD,,https://www.youtube.com/watch?v=E67Aehd-N3s
181 Thorndike St #C,Samia,1 BD,,https://www.youtube.com/watch?v=zkU10uKlyn4
83 Winchester St #1,Cohen,3 BD,,https://www.youtube.com/watch?v=YqpkN_f94n4
266 Chestnut Hill Ave #2,Samia,1 BD,,https://www.youtube.com/watch?v=SuoyD1Cib20
218 South St #1,Samia,3 BD,,https://www.youtube.com/watch?v=5FdUofnP4_s
224 South St #7,Samia,2 BD,,https://www.youtube.com/watch?v=Ie3e3ZBmDnM
216A South St #C,Samia,1 BD,,https://www.youtube.com/watch?v=-kGMTBioJis
29 Lourdes Ave #4,Samia,2 BD,,https://www.youtube.com/watch?v=_7USOFMK3sg
36 S. Huntington Ave #11,Samia,1 BD,,https://www.youtube.com/watch?v=Nvmt36PVqZw
45 Waban St #3,Samia,studio loft,,https://www.youtube.com/watch?v=5mEgGF64NHg
1945 Commonwealth Ave #27,Fatima Bennett,1 BD,,https://www.youtube.com/watch?v=rvxmyVMpARs
933 Main St #3,Samia,2 BD,,https://www.youtube.com/watch?v=OugxckQNVzU
691 Mass Ave,Anil,1 BD,,https://www.youtube.com/watch?v=p0qiJXMp_fI&feature=youtu.be
116 Warren St #3,Cohen,studio,,https://www.youtube.com/watch?v=kRWQErBtmgo
83 Winchester St #6,Cohen,2 BD,,https://www.youtube.com/watch?v=g7D0ztP50EE
795 Columbia Rd #3,Samia,4 BD,,https://www.youtube.com/watch?v=lYO86n1FPaQ
81 Essex 61,THC,1 Bd,,https://youtu.be/a7R5PDHHsnc
29/31 Corinthian St #2,Keegan,3 BD,,https://www.youtube.com/watch?v=tcF2hxW0j2M
228 Kelton #3,Samia,1bed,,https://www.youtube.com/watch?v=_BrM7f9128s
11 Reedsdale St #1,Kevin Arsenault,2 BD,,https://www.youtube.com/watch?v=1vORUQ4bIxU
80 Robbins St #3,Samia,1 BD,,https://www.youtube.com/watch?v=tp95E7qSAqo
2 Islington Terrace #2,Samia,3 BD,,https://www.youtube.com/watch?v=j8Tkt6oMJfg
9 Alvan Terrace #3,BG/Erin,3 BD,,https://www.youtube.com/watch?v=WHagwuaTtsU
9 Alvan Terrace #2,BG/Erin,3 BD,,https://www.youtube.com/watch?v=0Q997Ln4hKA
12 Pleasant St #6,Samia,1 BD,,https://www.youtube.com/watch?v=bgPf2COK2_Q
Parkman 2 bed,THC,2 bd,,https://www.youtube.com/watch?v=ywCAA3qkPvg
172 Bigelow St #1,Samia,4 BD,,https://www.youtube.com/watch?v=lDNa5dyiS0Y
65 Tremont St #1L,Samia,2 BD,,https://www.youtube.com/watch?v=tPCipKxG7tM
1758 Comm #5,Private - Young,2 Bd,,https://youtu.be/7WiWgujKGwA
65 Tremont St #1R,Samia,2 BD,,https://www.youtube.com/watch?v=GmLJGs-QkDw
28 Grove St #4,Cohen,1 BD,,https://www.youtube.com/watch?v=NBQHIZSWOdY
20 Mt Vernon St #403,Cohen,studio,,https://www.youtube.com/watch?v=wZp29TQsOCI
20 Garden St #4,Cohen,1 BD,,https://www.youtube.com/watch?v=IfBaH-V2H0Q&feature=em-upload_owner
16 Short St #6,Boulder,2 BD,,https://www.youtube.com/watch?v=9RcYhm1_Pqk&feature=em-upload_owner#action=share
30 Gardner Rd #4A,Cohen,2 BD,,https://www.youtube.com/watch?v=_1VIIC7s3ys&feature=em-upload_owner#action=share
30 Gardner Rd #6K,Cohen,2 BD,,https://www.youtube.com/watch?v=ydUXhaKeQhQ&feature=em-upload_owner#action=share
16 Short St #1,Boulder,2 BD,,https://www.youtube.com/watch?v=v6S0NkTp5QQ&feature=em-upload_owner#action=share
28 Grove St #9,Cohen,1 BD,,https://www.youtube.com/watch?v=v6S0NkTp5QQ&feature=em-upload_owner#action=share
24 Mt Vernon St #400,Cohen,1 BD,,https://www.youtube.com/watch?v=VbHllLWlh9w&feature=em-upload_owner#action=share
160 E Berkeley St #517,Hamilton,3 BD,,https://www.youtube.com/watch?v=6ypQq-ONJYo&feature=youtu.be
16 Short St #1,Boulder,2 BD,,https://www.youtube.com/watch?v=v6S0NkTp5QQ&feature=em-upload_owner#action=share
119 Brainerd Rd #7,Cohen,1 BD,,https://www.youtube.com/watch?v=684haTNMgGI
557 Mass AVe #1,Marc Croteau,2 BD,,https://www.youtube.com/watch?v=2YpVHw4VFzE&feature=youtu.be
557 Mass AVe #1,Marc Croteau,2 BD,,https://www.youtube.com/watch?v=-__F1fZBzXk&feature=youtu.be
557 Mass AVe #1,Marc Croteau,2 BD,,https://www.youtube.com/watch?v=eKbePvnZbvA&feature=youtu.be
122 Warren St #12,Cohen,1 BD,,https://www.youtube.com/watch?v=5R90JNpZ5Y0
23 Maple St #5,Samia,3 BD,,https://www.youtube.com/watch?v=CrQGIT14Mjg
80 Robbins St #5,Samia,2 BD,,https://www.youtube.com/watch?v=ftLOoJB7zaM
82 Robbins St #1,Samia,3 BD,,https://www.youtube.com/watch?v=WRl5rKPik14
119 Brainerd Rd #11,Cohen,1 BD,,https://www.youtube.com/watch?v=SP6L6s9tlQA
318 Saint Paul 5,Main Street Realty,4,,https://www.youtube.com/watch?v=wFSTrYCnQcY
31 Orkney #35,Private - Young,1,,https://www.youtube.com/watch?v=Kmr1CgqT1F4&feature=youtu.be
1661 North Shore Rd #3,Marcos Aiolff,3 BD,,https://www.youtube.com/watch?v=cC6TAwjDKsY
146 Oxford St #1,Cohen,studio,,https://www.youtube.com/watch?v=6MIjGnqvQiM
34 Bentley St #3,Keegan,3 BD,,https://www.youtube.com/watch?v=hDcduvJ4GeI
34 Bentley St #2,Keegan,3 BD,,https://www.youtube.com/watch?v=PiJaLQ5OMBU
34 Bentley St #1,Keegan,3 BD,,https://www.youtube.com/watch?v=fHcdtMk18aQ
35 Henshaw St #1,Keegan,3 BD,,https://www.youtube.com/watch?v=M2msuL-8LCs
65 Hancock St #3F,MVC,1 BD,,https://www.youtube.com/watch?v=Dx_FSKaGR5o
16 Union Park St #3A,MVC,1 BD,,https://www.youtube.com/watch?v=1q0Wo0yP7i8
179 St Botolph #2,MVC,studio,,https://www.youtube.com/watch?v=lTQ1c8B_BDQ
14 Marion St #2,MVC,studio,,https://www.youtube.com/watch?v=sbeGNiKeolw
14 Marion St #3,MVC,1 BD,,https://www.youtube.com/watch?v=iC46ZzZhaVI
179 St Botolph #10,MVC,1 BD,,https://www.youtube.com/watch?v=WXkSlr4r06Q
525 Mass Ave #3,MVC,2 BD,,https://www.youtube.com/watch?v=nQLaeTp8Mf0&feature=youtu.be
1298 Comm Ave #26,MVC,1BD,,https://www.youtube.com/watch?v=XukoDngtm8I
1298 Comm Ave #E,MVC,2bed,,https://www.youtube.com/watch?v=dHitF9t_rXY
1302 Comm Ave #36,MVC,1bed,,https://www.youtube.com/watch?v=in48OiK82dU
84 Brainerd Rd #12,MVC,1bd,,https://www.youtube.com/watch?v=w-40l5f4NQI
86 Brainerd Rd #21,MVC,2BD,,https://www.youtube.com/watch?v=TI_pzcYBp5A
74 Brainerd Rd #6,MVC,1BD,,https://www.youtube.com/watch?v=XdbBV5e1oVk
86 Brainerd Rd #12,MVC,1BD,,https://www.youtube.com/watch?v=UsdlXp91pJ0
31 Gardner St #3,Samia,studio,,https://www.youtube.com/watch?v=jFiahQIbX0k
55 Linden St #16,Samia,studio,,https://www.youtube.com/watch?v=HCceSgGkhzw
1124 Comm Ave #1,Samia,studio,,https://www.youtube.com/watch?v=OaTOxfZiDoQ
266 Chestnut Hill Ave #1,Samia,studio,,https://www.youtube.com/watch?v=Nt9EKOaxl5A
35 Gardner St #6,Samia,1 BD split,,https://www.youtube.com/watch?v=RMUGLFoaurk
43 Linden St #9,Samia,1 BD split,,https://www.youtube.com/watch?v=gtOljZoxFOA
15 Gardner St #4,Samia,1 BD,,https://www.youtube.com/watch?v=-wpfpme6ByI
62 Boylston St #418,Hamilton,1 BD,,https://m.youtube.com/watch?v=4vV-S9fdOZY
468 Salem St #2,Cohen,studio,,https://m.youtube.com/watch?v=eegvaPm38aU
456 Salem St #4,Cohen,1 BD,,https://m.youtube.com/watch?v=RbKnIDawSOo
28 Trident #6,Samia,2 BD,,https://m.youtube.com/watch?v=sRHx-bu1xRI
354 Shirley St #3,Samia,2 BD,,https://m.youtube.com/watch?v=8Jy8yB7I4S0
30 Bellevue St #5,Cohen,1 BD,,https://www.youtube.com/watch?v=QCQo8l0OUEY
30 Bellevue St #12,Cohen,studio,,https://www.youtube.com/watch?v=ZcT8V5E3L44
26 Bellevue St #2,Cohen,1 BD,,https://www.youtube.com/watch?v=nmJ0Psz1_fU
1477 Beacon St #104,Spectacular Realty,1 BD,,https://www.youtube.com/watch?v=mI6JuR-8Ah8
1477 Beacon St #109,Spectacular Realty,studio,,https://www.youtube.com/watch?v=-nmIlxYtMwM
49 Worthington St #7,Coppola,studio,,https://www.youtube.com/watch?v=BvBT87sGVSo
49 Worthington St #1,Coppola,studio,,https://www.youtube.com/watch?v=9bp3rQ4dJDg
1175 Boylston St #5,Fineberg,studio,,https://www.youtube.com/watch?v=dqWxQMAEGMI
73 Brighton Ave #3,MVC,1 BD,,https://www.youtube.com/watch?v=mYzb3MebuOI
84 Sutherland Rd #1,Spectacular Realty,2 BD,,https://www.youtube.com/watch?v=r6pr4spbyQQ
31 Marlborough #2,MVC,2BD,,https://www.youtube.com/watch?v=8QJq4OQcBV4&feature=youtu.be
350 California St,Fimi,4 BD,,https://www.youtube.com/watch?v=mhQq-dAJst4
1477 Beacon St #105,Spectacular Realty,1BD DEN,,https://www.youtube.com/watch?v=t42YPUNCjrw
1477 Beacon St #46,Spectacular Realty,1 BD,,https://www.youtube.com/watch?v=Pe3sjnLRtfM
1477 Beacon #54,Spectacular Realty,1 BD,,https://www.youtube.com/watch?v=Qo1tvxo8vM4
20 Queensberry St #10,Copley,1 BD,,https://www.youtube.com/watch?v=J5KFi3G4y7Q
35 Park Drive #19,Copley,1 BD,,https://www.youtube.com/watch?v=_c5rpfkfgX0
1477 Beacon St #50,Spectacular Realty,1 BD,,https://www.youtube.com/watch?v=2WUU4DRzREg
84 Sutherland Rd #10,Spectacular Realty,2 BD,,https://www.youtube.com/watch?v=0t_g5Q4jN6I
316 Summit Ave #8,Gold Standard,2bd,,https://www.youtube.com/watch?v=3ub_Eklu_HA
11 Lawrence Place,"Paul ""Private LL""",2BD,,https://www.youtube.com/watch?v=tQablt1IH78
374 Chestnut Hill Ave #2,Second Home Realty,2 BD,,https://youriguide.com/374_chestnut_ave_boston_ma
1600 Beacon St #402,Third Avenue Realty,2 BD,,https://youriguide.com/1600_beacon_st_brookline_ma